Title,Description,Email,Phone,Address,Inn,Ogrn
Бухгалтерские и юридические услуги в Санкт-Петербурге,"Компания «Комплексные Услуги Бизнесу» предлагаем полное бухгалтерское и юридическое обслуживание фирмам с любыми видами деятельности по доступным ценам. Стоимость качественных бухгалтерских услуг зависит от объема документооборота, системы налогообложения, численности работников.",mako.grupp@mail.ru,(921) 960-68-62,"Большой Сампсониевский пр., д.42,",н/д,н/д
Этот домен продается,н/д,н/д,н/д,доменов можно купить еще и в магазине reg.ru,н/д,н/д
"Интернет магазин женской одежды в Оренбурге ""Артистик""",н/д,imperiy-art@list.ru,+7 3532 48-44-55,", Ольянс, Мир моды и т.д., в каталоге так же представлена качественная одежда ведущих турецких брендов.",н/д,н/д
Домен не добавлен в панели,н/д,н/д,н/д,"Вы видите эту страницу потому, что домен",н/д,н/д
Artistika Школа гимнастики,Artistika Школа гимнастики в Селятино и Саларьево под руководством Чемпионки мира Панариной Кристины,н/д,86335306435,"Благодаря нашим тренировкам девочки обретут прекрасную фигуру, осанку, гибкость и грацию, спортивный характер и запас здоровья на долгие годы вперед.",н/д,н/д
н/д,н/д,н/д,н/д,н/д,н/д,н/д
Artistika Школа гимнастики,Artistika Школа гимнастики в Селятино и Саларьево под руководством Чемпионки мира Панариной Кристины,н/д,86335306435,"Благодаря нашим тренировкам девочки обретут прекрасную фигуру, осанку, гибкость и грацию, спортивный характер и запас здоровья на долгие годы вперед.",н/д,н/д
Домен booking-cruise.ru: купить в магазине доменных имен Рег.ру,"Домен booking-cruise.ru продаётся. Цена: 25 000,00 р. Категории: Отдых - Отдых (другое); Отдых - Путешествия и туризм; Автоматические категории - Старше 3-х лет. Вся информация о домене в магазине доменов Рег.ру.",н/д,н/д,Введите домен или слово,н/д,н/д
Все о фундаменте - Пишем о том как делать фундамент,Пишем о том как делать фундамент,н/д,н/д,Строительство дома,н/д,н/д
АНГЛИЙСКИЙ ФРАНЦУЗСКИЙ ЯЗЫК СКАЧАТЬ учебники книги аудио видео курсы фильмы pdf,FRENGLISH сайт для изучающих английский и французский языки. Можно скачать учебники - решебники - тексты - журналы - книги - фильмы - аудиокурсы - аудиокниги и многое другое,н/д,н/д,Решебники и готовые домашние задания,н/д,н/д
Все о фундаменте - Пишем о том как делать фундамент,Пишем о том как делать фундамент,н/д,н/д,Строительство дома,н/д,н/д
Домен booking-cruises.ru: купить в магазине доменных имен Рег.ру,"Домен booking-cruises.ru продаётся. Цена: 50 000,00 р. Категории: Отдых - Путешествия и туризм; Автоматические категории - Старше 3-х лет; Бизнес - Пассажирский транспорт. Вся информация о домене в магазине доменов Рег.ру.",н/д,н/д,Введите домен или слово,н/д,н/д
н/д,Откуда найти переводы популярных песен? ответ - ARTISTINEER.RU,н/д,н/д,н/д,н/д,н/д
н/д,Откуда найти переводы популярных песен? ответ - ARTISTINEER.RU,н/д,н/д,н/д,н/д,н/д
Cheap flights and airline tickets,We search travel and airline sites to help you find cheap flights at best prices.,н/д,н/д,н/д,н/д,н/д
ARTISTIUM,Арт-обозреватель и маркетплейс искусства ARTISTIUM,info@artistium.ru,н/д,н/д,н/д,н/д
Игорь Иванов художник-нонконформист Персональный сайт Санкт-Петербург,Петербургский художник Игорь Васильевич Иванов Персональный сайт Неофициальные выставки ленинградских художников нонконформистов в Ленинграде История русского авангарда,н/д,921-918-64-72,Этюд. Гарни. Армения. 1964,н/д,н/д
Агротуристический комплекс | Гостиница Дубровка в Киржаче,"Номерной фонд гостиничного комплекса Дубровка бронирования онлайн, отвечает уровню комфортности от простых двухместных до номеров квартирного типа, рассчитанных на семьи с детьми и большие компании.",н/д,(906)561-43-20,"Владимирская область, Киржачский район, д. Дубровка, ул. Центральная, д. 1",н/д,н/д
ARTISTIUM,Арт-обозреватель и маркетплейс искусства ARTISTIUM,info@artistium.ru,н/д,н/д,н/д,н/д
Cheap flights and airline tickets,We search travel and airline sites to help you find cheap flights at best prices.,н/д,н/д,н/д,н/д,н/д
АНГЛИЙСКИЙ ФРАНЦУЗСКИЙ ЯЗЫК СКАЧАТЬ учебники книги аудио видео курсы фильмы pdf,FRENGLISH сайт для изучающих английский и французский языки. Можно скачать учебники - решебники - тексты - журналы - книги - фильмы - аудиокурсы - аудиокниги и многое другое,н/д,н/д,Решебники и готовые домашние задания,н/д,н/д
н/д,н/д,н/д,н/д,н/д,н/д,н/д
Frenglish-Vibes — онлайн-школа иностранных языков,н/д,н/д,86361663261,Будет ли домашнее задание,н/д,н/д
Дина Френк,н/д,н/д,н/д,н/д,н/д,н/д
ПЧ Fuji-electric Frenic-AQUA - Frenic-AQUA,Преобразователи частоты Fuji-electric,н/д,(499) 322-91-34,интернет-портал по расходомерам,н/д,н/д
Freniarus - питомник кошек породы Мейн-Кун | Freniarus питомник кошек породы Мейн-Кун,н/д,н/д,(964)843-30-32,н/д,н/д,н/д
Fuji Electric Frenic Lift LM1 LM2A - Fuji Electric Frenic Lift LM1S LM2A,Преобразователи частоты Fuji-Electric лифтовой серии Frenic-Lift LM1 и Frenic-Lift LM2A,н/д,(499) 322-91-34,Корпус с теплоотводом класса защиты IP54 под врезной монтаж.,н/д,н/д
Freniarus - питомник кошек породы Мейн-Кун | Freniarus питомник кошек породы Мейн-Кун,н/д,н/д,(964)843-30-32,н/д,н/д,н/д
ПЧ Fuji-electric Frenic-HVAC - Frenic-HVAC,Преобразователи частоты Fuji-electric,н/д,(499) 322-91-34,интернет-портал по расходомерам,н/д,н/д
Cтудия FreNi - cоздание и продвижение сайта в поисковых системах.,н/д,н/д,н/д,н/д,н/д,н/д
Fuji-electric Frenic-Ace - Frenic-Ace,Преобразователи частоты Fuji-electric,н/д,(499) 322-91-34,интернет-портал по расходомерам,н/д,н/д
Преобразователи частоты Fuji-electric - Преобразователи частоты Fuji-Electric,Преобразователи частоты Fuji-electric,н/д,(499) 322-91-34,интернет-портал по расходомерам,н/д,н/д
Преобразователи частоты Fuji-electric - Frenic-Mega,Преобразователи частоты Fuji-electric,н/д,(499) 322-91-34,интернет-портал по расходомерам,н/д,н/д
Преобразователи частоты Fuji-electric - Преобразователи частоты Fuji-Electric,Преобразователи частоты Fuji-electric,н/д,(499) 322-91-34,"до 2,2 кВт с питанием однофазным напряжением 200 В пер. тока или трехфазным напряжением 400 В пер.",н/д,н/д
Ты гей?,н/д,н/д,н/д,н/д,н/д,н/д
frenkele.ru,н/д,н/д,н/д,Тоже хочу домен,н/д,н/д
Преобразователи частоты Fuji-electric - Преобразователи частоты Fuji-Electric,Преобразователи частоты Fuji-electric,н/д,(499) 322-91-34,"до 2,2 кВт с питанием однофазным напряжением 200 В пер. тока или трехфазным напряжением 400 В пер.",н/д,н/д
Не опубликован,н/д,н/д,84699184121,Регистрация доменов,н/д,н/д
"Frenkel Studio - визуализация в ArchiCad, интерьерные и ландшафтные скетчи на заказ","Сотрудничество с частными лицами, архитекторами и дизайнерами интерьеров. Визуализация в ArchiCad. Интерьерные, архитектурные и ландшафтные скетчи: интерьер, экстерьер, ген-планы, скетч-планы (2D и 3D). Свой магазин мебели и оборудования для дома, дачи, отелей, фитнес-клубов.",н/д,н/д,"модели квартиры, дома или участка",н/д,н/д
Гончарная мастерская | Москва,Мастер-классы по гончарному кругу и ручной лепке,н/д,81614702099,"Мы отдельно разрабатываем детскую программу, опираясь на особенности восприятия юных творцов. С детьми будут заниматься преподаватели с огромным опытом работы, мы выбираем экологичный подход к обучению - через игры и индивидуальный подход к каждому",н/д,н/д
Домен продается. Купить в магазине доменов RU-CENTER,Узнать подробнее о домене в магазине доменов RU-CENTER.,н/д,н/д,Другие домены в магазине доменов,н/д,н/д
frenkit.ru,н/д,н/д,(499) 404-11-01,"Поздравляем, домен",н/д,н/д
404 Not Found,н/д,н/д,н/д,н/д,н/д,н/д
Frenkit в Москве — специализированный маркетплейс,"Вся продукция Frenkit на специализированном маркетплейсе по низким ценам! Характеристики, фото, максимальный ассортимент. Оперативная доставка в Москве!",н/д,80000000000,рем. к-т диск. торм. зад. d38 Lucas,н/д,н/д
200 Success/Сайт успешно запущен,н/д,н/д,н/д,"Пройти в директорию с Вашим доменом, далее директории",н/д,н/д
404 Not Found,н/д,н/д,н/д,н/д,н/д,н/д
frenkit.ru,н/д,н/д,84057765087,"Поздравляем, домен",н/д,н/д
"Озеро Шира | Усадьба семейного отдыха «ТеремЪ» | Цены 2021, фотографии, отзывы.","Усадьба ""ТеремЪ"" на озере Шира. У нас только тихий, семейный отдых. Благоустроенные номера, полноценная детская площадка, бесплатная парковка на территории. До озера всего 500 метров. Ежедневная анимация и мастер-классы для детей.",н/д,(923) 212-53-35,"Вам представляется огромный выбор водоемов, разного уровня солености, температуры воды, лечебного эффекта. На каждом озере своя инфраструктура и свой уровень комфортабельности баз отдыха. Самое посещаемое и развитое озеро по уровню инфраструктуры",н/д,н/д
"Терем, Теремюг, строительство быстро возводимых домов, каркасных, кирпичных, бань","Строительство домов,коттеджей,таунхаусов,гостинец в Краснодарском край и Республике Адыгея,строительство каркасного дома,проект домов из клееного бруса,дом из клееного бруса,дом из газоблока,коттедж из кирпича,терем строительство домов,проект каркасного дома,проект дома из блоков,строительство в краснодарском край каркасных домов,боярин,терем,барин,император,варяг,полковник,канцлер,премьер,викинг,герцог,монарх,галактика,малыш,беседка-барбекю,лидер,лидер лк,витязь,добрыня,пересвет,терем,лада,ремонт иреконструкция,садовый дом,терраса строительство,земельные участки,забор,замена кровли,пристройка",н/д,82890270617,"Оригинальные дома, коттеджи, которые строим из кирпича, газаблока, отсевблока, по каркасной технологий. Представлены проекты для дачного отдыха и постоянного проживания",н/д,н/д
"Терем, Теремюг, строительство быстро возводимых домов, каркасных, кирпичных, бань","Строительство домов,коттеджей,таунхаусов,гостинец в Краснодарском край и Республике Адыгея,строительство каркасного дома,проект домов из клееного бруса,дом из клееного бруса,дом из газоблока,коттедж из кирпича,терем строительство домов,проект каркасного дома,проект дома из блоков,строительство в краснодарском край каркасных домов,боярин,терем,барин,император,варяг,полковник,канцлер,премьер,викинг,герцог,монарх,галактика,малыш,беседка-барбекю,лидер,лидер лк,витязь,добрыня,пересвет,терем,лада,ремонт иреконструкция,садовый дом,терраса строительство,земельные участки,забор,замена кровли,пристройка",н/д,82890270617,"Оригинальные дома, коттеджи, которые строим из кирпича, газаблока, отсевблока, по каркасной технологий. Представлены проекты для дачного отдыха и постоянного проживания",н/д,н/д
terence.ru,н/д,н/д,н/д,Тоже хочу домен,н/д,н/д
"Озеро Шира | Усадьба семейного отдыха «ТеремЪ» | Цены 2021, фотографии, отзывы.","Усадьба ""ТеремЪ"" на озере Шира. У нас только тихий, семейный отдых. Благоустроенные номера, полноценная детская площадка, бесплатная парковка на территории. До озера всего 500 метров. Ежедневная анимация и мастер-классы для детей.",н/д,(923) 212-53-35,"Вам представляется огромный выбор водоемов, разного уровня солености, температуры воды, лечебного эффекта. На каждом озере своя инфраструктура и свой уровень комфортабельности баз отдыха. Самое посещаемое и развитое озеро по уровню инфраструктуры",н/д,н/д
"Строительство деревянных домов, бань из бревна-Дом под ключ","Строительство деревянных домов и бань из оцилиндрованного и рубленного бревна, из профилированного и клееного бруса, под усадку и под ключ. Дома по технологии Post&Beam",info@teremwood.ru,89226618800,Киров ул.Чапаева д.5 к2 офис 10,н/д,н/д
Terenberg - оставьте свой отзыв,Оставьте отзыв или претензию,н/д,н/д,н/д,н/д,н/д
TERENCEUNIFORM,Одежда для мастеров,н/д,н/д,"это, прежде всего, бренд. Вы можете невероятно круто выполнять свою работу, но, если ваш внешний вид не ассоциируется с эстетикой и красотой, вам не верят.",н/д,н/д
Терем - Интернет магазин дверей в Воронеже,Интернет магазин дверей и дверной фурнитуры в Воронеже,н/д,(910) 041-62-09,н/д,н/д,н/д
Срок регистрации домена истек,"Срок регистрации домена истек. Требуется продление, чтобы возобновить работу домена и его сервисов",н/д,85457947519,Срок регистрации домена истек,н/д,н/д
Срок регистрации домена истек,"Срок регистрации домена истек. Требуется продление, чтобы возобновить работу домена и его сервисов",н/д,85457947519,Срок регистрации домена истек,н/д,н/д
"Женский сайт — всё о моде, красоте и здоровье | Женский блог","Teren.ru — женский сайт о красоте, психологии, здоровье, спорте, отношениях, любви, кулинарии, психологии, беременности и детях, фитнесе и диетах, уюте в доме и хобби.",н/д,н/д,Советы по дому,н/д,н/д
"Теренги — Вода, рожденная в глубине Алтайских гор",н/д,info@terenghi.ru,88001004448,"659653, Алтайский край, с.Алтайское, переулок Лесозаводской, д. 2,",н/д,н/д
Тереньгульский район Ульяновской области,н/д,н/д,н/д,Подведомственные организации,н/д,н/д
"Теренги — Вода, рожденная в глубине Алтайских гор",н/д,info@terenghi.ru,88001004448,"659653, Алтайский край, с.Алтайское, переулок Лесозаводской, д. 2,",н/д,н/д
yurovaceramics.ru,н/д,н/д,н/д,Тоже хочу домен,н/д,н/д
Онлайн-курс по прическам «СЛОЖНЫЕ ВОЛОСЫ»,Онлайн-курс по прическам и укладкам. Обучение свадебным и вечерним прическам и укладкам. Индивидуальный подход к каждому ученику. Востребованные техники.,н/д,83731666564,по каждому конкретному варианту.,н/д,н/д
село Юрово Костромская область Макарьевский район,Сайт о селе Юрово Костромской области Макарьевского района,н/д,н/д,н/д,н/д,н/д
Вебинар Алексея Юрова,н/д,н/д,н/д,н/д,н/д,н/д
Срок регистрации домена yurovskaya.ru истёк,н/д,н/д,н/д,Срок регистрации домена истек.,н/д,н/д
Вебинар Алексея Юрова,н/д,н/д,н/д,н/д,н/д,н/д
н/д,н/д,н/д,н/д,н/д,н/д,н/д
Your browser is out of date,н/д,н/д,н/д,н/д,н/д,н/д
Срок регистрации домена истек,"Срок регистрации домена истек. Требуется продление, чтобы возобновить работу домена и его сервисов",н/д,85457947519,Срок регистрации домена истек,н/д,н/д
Свадебный фотограф Дмитрий Юров,"Свадебная фотография в Тамбове, Санкт-Петербурге и Москве.",н/д,н/д,н/д,н/д,н/д
н/д,н/д,н/д,н/д,приличный домен для интернет-магазина сайт для интернет-магазина продажа сайтов аренда сайтов аренда сайта сделать сайт купить сайт продажа доменов продажа сайта купить домен на продажу имя сайта имя для сайта подбор имени сайта сайт-визитка дёшево сайт дешево регистрация сайта регистрация домена доменное имя домена доставка доменов регистрация доменных имён регистрация имени хочу домен хочу сайт домен в зоне RU русский домен,н/д,н/д
Гестхаус,Пример лендинга для гостевого дома,н/д,85960866373,Гостевой дом недалеко от побережья в зеленом тихом районе. Пешком 10 минут до центра и 5 до моря,н/д,н/д
Сайт писателя Михаила Юровского,н/д,н/д,н/д,"Мытарства наших мигрантов Не секрет, что жизнь наша очень многогранна и непредсказуема. Стоит только выйти из дома и принять чёткое намерение несколько лет в него не возвращаться",н/д,н/д
"ZAIT-SERVICE | Срочный ремонт телефонов, планшетов, ноутбуков","- Срочный ремонт цифровой техники- Бесплатная диагностикаAPPLE, SAMSUNG, XIAOMI, HUAWEI, HONOR",н/д,(995) 355-27-07,"г. Омск, ул. Красный Путь, д. 131",н/д,н/д
Kirill Yurovsky: inventor & engineer,"Kirill Yurovsky was an engineer & inventor, whose contributions to the field of engineering and technology are widely recognized. Though much of his life and work remains shrouded in mystery, his legacy lives on through the innovations he created and the impact they have had on various industries.",н/д,85649202733,н/д,н/д,н/д
Гестхаус,Пример лендинга для гостевого дома,н/д,85960866373,Гостевой дом недалеко от побережья в зеленом тихом районе. Пешком 10 минут до центра и 5 до моря,н/д,н/д
Хостинг-провайдер TimeWeb.ru | Мы рады приветствовать Вас среди наших клиентов!,н/д,н/д,н/д,"его. Если домен уже есть,",н/д,н/д
Хостинг-провайдер TimeWeb.ru | Мы рады приветствовать Вас среди наших клиентов!,н/д,н/д,н/д,"его. Если домен уже есть,",н/д,н/д
ЗаИтА - Защита прав потребителя,Защита прав потребителя,н/д,н/д,н/д,н/д,н/д
Домен zaitceva.ru продается,н/д,н/д,н/д,Продажа домена,н/д,н/д
н/д,desc,н/д,н/д,н/д,н/д,н/д
Свадебный фотограф Екатерина Зайцева Краснодар,"Меня зовут Екатерина Зайцева, я свадебный фотограф в Краснодаре. На сайте вы можете ознакомиться с моими работами — свадебная фотосъемка, фотосъемка историй о любви, женский портрет и семейные фотосессии.",н/д,н/д,н/д,н/д,н/д
zaitfarm.ru,н/д,н/д,н/д,н/д,н/д,н/д
Интернет магазин зоотоваров в Омске с доставкой,"Интернет магазин зоотоваров Zaisy.ru - широкий ассортимент товаров для животных, популярные бренды, качественная продукция и выгодные цены. Доставка на дом.",н/д,89681735656,"г. Омск, ул. Ипподромная 27 А, Режим работы",н/д,н/д
zaitfarm.ru,н/д,н/д,н/д,н/д,н/д,н/д
н/д,н/д,н/д,н/д,н/д,н/д,н/д
Любовь Николаевна Терендина - Оставь наказ депутату,"Депутат Законодательного Собрания Приморского края, выступает за возможности граждан принимать участие в местном самоуправлении через создание ТОС",н/д,н/д,м направления Оператору уведомление на адрес электронной почты Оператора lyubov.terendina,н/д,н/д
ЗА - И ТОЧКА ВЫБОРЫ И ГОЛОСОВАНИЯ В СССР И РОССИИ,н/д,н/д,н/д,н/д,н/д,н/д
н/д,н/д,н/д,н/д,н/д,н/д,н/д
Зайти в АйТи,Освой профессию IT-специалиста с 0 и зарабатывай от 60 000 рублей в месяц в первые полгода-год,н/д,81673709385,"записи зум-встреч будут загружены в Геткурс, на выполнение домашнего задания дается 1 неделя",н/д,н/д
Доменное имя временно заблокировано.,н/д,н/д,н/д,бесплатно зарегистрировать домен,н/д,н/д
Страница входа,н/д,н/д,н/д,н/д,н/д,н/д
н/д,н/д,н/д,н/д,н/д,н/д,н/д
н/д,н/д,н/д,н/д,н/д,н/д,н/д
Петр Зайцев,Зайцев Петр Андреевич,н/д,н/д,н/д,н/д,н/д
Петр Зайцев,Зайцев Петр Андреевич,н/д,н/д,н/д,н/д,н/д
Школа игры на барабанах Александра Зайцева,Уроки игры на барабанах Екатеринбург. Первый урок - бесплатно!,н/д,83661366635,"Новая услуга, которая включает в себя подготовку и выступление на домашнем мероприятии вместе с группой",н/д,н/д
Студия Заитова | zaitovstudio.ru,н/д,н/д,н/д,н/д,н/д,н/д
Студия Заитова | zaitovstudio.ru,н/д,н/д,н/д,н/д,н/д,н/д
Курсы гончарного дела / Лепка из глины / Студия «Делание»,"Основы работы на гончарном круге в творческой студии «Делание». Обучение гончарному делу и ручной лепке из глины для всех желающих, независимо от подготовки. Мастерская в центре Москвы.",н/д,н/д,- Переводом на банковскую карту,н/д,н/д
Домен не прилинкован ни к одной из директорий на сервере!,н/д,н/д,(800) 700-06-08,Регистрация доменов,н/д,н/д
н/д,н/д,н/д,н/д,н/д,н/д,н/д
н/д,н/д,н/д,н/д,н/д,н/д,н/д
Сайт о слухопротезировании - Зайцев PRO Слух,"Этот сайт создан для помощи людям, испытывающих проблемы со слухом. Как подбираются слуховые аппараты? Полезная информация и консультации.",н/д,80522772227,"ма я осталась в полном восторге. Он на простом, доступном языке, с графиками помог мне разобраться в моем вопросе. Восхищает то, как он подходит к каждому вопросу, стараясь максимально просто донести информацию. У него огромный багаж знаний, огромное желание помочь людям, это дорогого стоит. Очень не хватает таких людей, которые с таким трепетом относятся к своей работе",н/д,н/д
Домен продается. Купить в магазине доменов RU-CENTER,Узнать подробнее о домене в магазине доменов RU-CENTER.,н/д,н/д,Другие домены в магазине доменов,н/д,н/д
Авторский блог Алексей Зайцева,"Математика, Экономика, Физика",н/д,87234042553,Статья написана по мотивам бурного обсуждений одной из статей про загородные дома,н/д,н/д
"Владимир Зайцев. Консалтинговые услуги — Владимир Зайцев — Руководитель правового отдела АсНООР, Заместитель Директора АсНООР по правовым вопросам,",н/д,н/д,н/д,н/д,н/д,н/д
"Zverojaschery.ru смотреть качественное порно онлайн hd, новинки ххх 24 на 365",н/д,н/д,н/д,"Смотреть порно Пышногрудая блондиночка оказывается сверху на молодом парне, который с большим удовольствием сжимает в своих руках её прелести, одновременно проникая своим членом в её розовенькую дырочку онлайн видео",н/д,н/д
н/д,н/д,н/д,н/д,н/д,н/д,н/д
Интернет-магазин зоотоваров,н/д,н/д,80523216703,"Новоизмайловский проспект, д. 13 к 2",н/д,н/д
"Купить домен zverokot.ru - создан 08.06.2021, регистратор RU-CENTER-RU | Магазин RF.RU",Домен zverokot.ru продается. Цена: договорная. Вся информация о домене. Купить онлайн в RF.RU.,н/д,(495) 961-96-33,Национальный регистратор и магазин доменов,н/д,н/д
Звероферма | Меховая промышленность России и СНГ,"Звероферма - вопросы звероводства и кролиководства, ветеринарное и скорняжное дело. Каталог зверохозяйств, их продукция, адреса и контакты.",н/д,н/д,"выделке и хранению шкур пушных зверей и меховых животных на фермах и в домашних условиях. Ремонт, кройка и шитье меховых изделий.",н/д,н/д
Взять займ безработному мгновенно без проверки онлайн в МФО,"Займы для безработных в нашем агрегаторе проверенных МФО. Оформить заявку можно не выходя из дома для получения срочного займа нетрудоустроенным на карту, наличными или Киви.",н/д,н/д,"Все больше и больше студентов, домохозяек, безработных и самозанятых ищут в интернете информацию о займах, для которых не требуется предоставлять справку о зарплате. Поэтому мы решили создать руководство, которое мы регулярно обновляем, в котором вы можете найти лучший совет от нас и экспертов, чтобы получить этот вид финансирования.",н/д,н/д
Домен zverolavka.ru продаётся — Rename,...,н/д,н/д,Как купить домен,н/д,н/д
zveromag.ru is for sale,zveromag.ru - 126368₽ (1314$). Domain is parked by service DomainParking.ru,н/д,н/д,н/д,н/д,н/д
zveromag.ru is for sale,zveromag.ru - 126368₽ (1314$). Domain is parked by service DomainParking.ru,н/д,н/д,н/д,н/д,н/д
н/д,н/д,н/д,н/д,н/д,н/д,н/д
"Всё о питомцах: собаки, кошки, рептилии, птицы, экзотические животные","Вы решили завести питомца? Мы подскажем как выбрать и содержать, чем кормить, лечить и вычёсывать. Самая актуальная информация о друзьях наших меньших.",н/д,88972615699,"Величественная красота и необыкновенная грация сочетаются в этой красивой, самостоятельно и доброй кошке. Абиссинская порода славится своей выдающейся внешностью, привлекательной для любителей домашних кошек. Особенностью данной породы является необычный окрас, который нельзя обнаружить ни у одной другой породы кошек. Порода Абиссины",н/д,н/д
"""ЗвероКлуб"" - продажа домашних питомцев","""ЗвероКлуб"" - быстро и выгодно продать кошку или собаку, недорого купить домашнего питомца!",н/д,81447449748,"Создателями нашего клуба являются заводчики-коллекционеры, которые имеют большой опыт в разведении собак декоративных пород. У большинства наших заводчиков имеется ветеринарное образование, поэтому в хорошем здоровье наших щенков вы можете даже не сомневаться. Получение здоровых, правильных с анатомической точки зрения собак с темпераментом, свойственным каждой породе",н/д,н/д
Европейский Центр Стоматологии - Стоматология на Большой Очаковской,Стоматология на Большой Очаковской,н/д,84954142869,"Если Вас интересует лечение зубов в Москве, двери нашей клиники всегда для Вас открыты. Клиника Европейского Центра Стоматологии находится улице Большая Очаковская, вблизи метро Мичуринский проспект.",н/д,н/д
Европейский Центр Стоматологии - Стоматология на Большой Очаковской,Стоматология на Большой Очаковской,н/д,84954142869,"Если Вас интересует лечение зубов в Москве, двери нашей клиники всегда для Вас открыты. Клиника Европейского Центра Стоматологии находится улице Большая Очаковская, вблизи метро Мичуринский проспект.",н/д,н/д
"Европейская клиника спортивной травматологии и ортопедии ECSTO ЕМС - врачи, услуги и цены, контакты и онлайн-запись к специалистам","Врачи-травматологи клиники ЕМС оказывают квалифицированную помощь пациентам с травмами и заболеваниями опорно-двигательного аппарата. Эндопротезирование суставов, послеоперационная реабилитация. Клиника работает круглосуточно, записаться на приём можно на сайте ЕМС.",н/д,87809924491,"Москва, Орловский пер., 7",н/д,н/д
Поставка оборудования очистки воды,Поставка оборудования,ecstrotrade@mail.ru,н/д,"Предназначены для предварительной очистки, а также извлечения твердых частиц из сточных вод. Обеспечивают фильтрацию и отделение песка, удаление жиров, нефтепродуктов и масел.",н/д,н/д
Сертификат соответствия Таможенного союза ТР ТС | EACPortal,✔✔ Сертификат соответствия Таможенного союза (ТР ТС). Оформление для стран таможенного союза. Бесплатная консультация eacportal.com ☎ +7 (812) 986-98-06,н/д,(921) 355-72-46,звезд.,н/д,н/д
Алексей Зайцев - SEO продвижение сайтов,н/д,н/д,80392156862,Прирастают они или нетВозраст доменаТекущее соотношение видимости в Яндекс и ГуглСоотношение анкорных и безанкорных ссылокАнализ анкоров,н/д,н/д
ecstrm.ru,н/д,manager@ecstrm.ru,(927) 893-22-97,н/д,н/д,н/д
н/д,н/д,н/д,(980) 476-26-62,Информация о домене,н/д,н/д
Поставка оборудования очистки воды,Поставка оборудования,ecstrotrade@mail.ru,н/д,"Предназначены для предварительной очистки, а также извлечения твердых частиц из сточных вод. Обеспечивают фильтрацию и отделение песка, удаление жиров, нефтепродуктов и масел.",н/д,н/д
Домен ecstudio.ru продается,н/д,н/д,н/д,Продажа домена,н/д,н/д
н/д,н/д,н/д,н/д,н/д,н/д,н/д
н/д,н/д,н/д,н/д,н/д,н/д,н/д
Материалы для студентов,Сайт для студентов экономических специальностей.,н/д,н/д,н/д,н/д,н/д
ZVEROLOV.RU - Андрей Поняга - Книги по охоте на пушного зверя.,"Андрей Поняга. Книги по охоте на пушного зверя. Пахучие приманки для привлечения пушных зверей. Биологам, охотникам, натуралистам.",н/д,н/д,н/д,н/д,н/д
Инижиниринговая компания Система » Главная,н/д,н/д,н/д,г. Ханты-Мансийск ул. Мира 120 а,н/д,н/д
Инижиниринговая компания Система » Главная,н/д,н/д,н/д,г. Ханты-Мансийск ул. Мира 120 а,н/д,н/д
E-Communication Systems,н/д,н/д,н/д,н/д,н/д,н/д
ЭКТ-АВТО > О проекте,н/д,н/д,н/д,"г. Москва, Высоковольтный проезд, дом 1, строение 24.",н/д,н/д
"Купить оптом сухие растительные экстракты трав, специй, цена производства в Санкт-Петербурге","Производство сухих экстрактов в Санкт-Петербурге, у нас можно купить оптом растительные экстракты трав, специй и ягод по выгодным ценам.",н/д,(905) 257-70-88,н/д,н/д,н/д
ЭКТ-АВТО > О проекте,н/д,н/д,н/д,"г. Москва, Высоковольтный проезд, дом 1, строение 24.",н/д,н/д
ЭКСИ Технология,"ЭКСИ Технология - это разработка и производство лазерных систем, для дистанционного мониторинга загрязнений окружающей среды, контроля объектов топливно-энергетического комплекса и т.д.",н/д,(831) 429-82-18,н/д,н/д,н/д
Производство и поставка ЖБИ - Инженерные строительные решения - Завод ЖБИ,"Официальный сайт компании «Инженерные строительные решения». Производство, поставка и проектирование ЖБИ продукции с доставкой по Москве и ЦФО. Широкий ассортимент ЖБИ изделий, строгая проверка продукции техническим требованиям и официальному регламенту, поставка точно в срок. Обеспечьте успешную реализацию своего строительного проекта с помощью нашей продукции",info@ecszhbi.ru,(495) 127-79-89,"г. Жуковский, ул. Гудкова, д.13А, оф.19",н/д,н/д
ЭКСИ Технология,"ЭКСИ Технология - это разработка и производство лазерных систем, для дистанционного мониторинга загрязнений окружающей среды, контроля объектов топливно-энергетического комплекса и т.д.",н/д,(831) 429-82-18,н/д,н/д,н/д
"Экскурсионный туризм, incoming","экскурсионные туры, прием иностарнных туристов, туроператор, прием в России, incoming touroperator",н/д,н/д,поездом до Праги,н/д,н/д
н/д,н/д,н/д,н/д,н/д,н/д,н/д
Better Business Outcomes for CSPs | Telecoms - ECT,ECT is a tech company dedicated to better business outcomes for communications service providers (CSPs) and their customers. Learn more!,н/д,н/д,н/д,н/д,н/д
"Электронные компоненты: клеммники, клеммные блоки, электромагнитные реле, кабельные вводы,корпуса РЭА, монтажная и кабельная фурнитура","Поставка электронных компонентов: корпуса для РЭА, клеммники, электромеханические реле, оптроны, герконовые реле, кабельные вводы, клеммы, наконечники, инструмент, разъемы, клавиатуры, твердотельные реле, монтажная и кабельная фурнитура.",н/д,(800) 775-42-02,и пр.В компании введена Система менеджмента качества ISO9001.,н/д,н/д
empty page,н/д,н/д,н/д,н/д,н/д,н/д
Производство и поставка ЖБИ - Инженерные строительные решения - Завод ЖБИ,"Официальный сайт компании «Инженерные строительные решения». Производство, поставка и проектирование ЖБИ продукции с доставкой по Москве и ЦФО. Широкий ассортимент ЖБИ изделий, строгая проверка продукции техническим требованиям и официальному регламенту, поставка точно в срок. Обеспечьте успешную реализацию своего строительного проекта с помощью нашей продукции",info@ecszhbi.ru,(495) 127-79-89,"г. Жуковский, ул. Гудкова, д.13А, оф.19",н/д,н/д
ЕстьЧё,н/д,н/д,(925)853-41-31,"Ленинский проспект, 123В",н/д,н/д
Продать и сдать макулатуру по хорошим ценам в Москве и области,Продать макулатуру по выгодной цене в Москве и области с вывозом.,н/д,н/д,"Владельцы частных домов и загородной недвижимости, если у вас накопились кипы ненужных газет, книг, картона, вы можете позвонить нам и наши специалисты абсолютно бесплатно вывезут макулатуру. К сожалению, покупка вторсырья производится в объемах от 100 кг. Но вы сохраняете леса от вырубки, когда сдаете макулатуру нам",н/д,н/д
ЭКТАКО-РОССИЯ - электронные голосовые говорящие переводчики,"Голосовые электронные переводчики и говорящие переводчики английского, немецкого и других языков. Официальный сайт ЭКТАКО-РОССИЯ",н/д,(812) 905-93-20,н/д,н/д,н/д
ЭКТАКО-РОССИЯ - электронные голосовые говорящие переводчики,"Голосовые электронные переводчики и говорящие переводчики английского, немецкого и других языков. Официальный сайт ЭКТАКО-РОССИЯ",н/д,(812) 905-93-20,н/д,н/д,н/д
н/д,н/д,н/д,н/д,н/д,н/д,н/д
"ООО ""ИКТ СЕРВИС"" | Инжиниринговая фирма",н/д,н/д,н/д,н/д,н/д,н/д
"ООО ""ИКТ СЕРВИС"" | Инжиниринговая фирма",н/д,н/д,н/д,н/д,н/д,н/д
н/д,н/д,н/д,н/д,н/д,н/д,н/д
